﻿{
	"app_id": "84cef75314f94986bc2972bdeb55403d",
	"app_secret": "039428db79b14c98965e8548333f443d",
	"product_key": ["9d0e1e8439bf4c95b2a28caf565fa641"],
	"openAPI_URL": "",
	"site_URL": "",
	"push_URL": "",
	"UsingTabSet": true,
	"wifi_type_select": true,
	"tencent_app_id": "your_tencent_app_id",
	"wechat_app_id": "your_wechat_app_id",
	"wechat_app_secret": "your_wechat_app_secret",
	"push_type": 0,
	"bpush_app_key": "your_bpush_api_key",
	"buttonColor": "F8DC26",
	"buttonTextColor": "000000",
	"navigationBarColor": "F8DC26",
	"navigationBarTextColor": "000000",
	"configProgressViewColor": "000000",
	"addDeviceTitle": "",
	"qq": true,
	"wechat": true,
	"anonymousLogin": true
}